"county","STATEABBREVIATION","dist_SSP","HIVprevalence","opioid_RxRate","pctunins","metro"
"wabasha county","MN",47.44,49.7,8.3,5.1,"metro"
"johnson county","GA",125,283.1,3,18.5,"non-metro"
"iron county","MO",77.2,103.4,130.6,15.9,"non-metro"
"kosciusko county","IN",42.14,52.1,64.2,12.4,"non-metro"
"delaware county","OK",49.22,77.9,78.7,18.6,"non-metro"
"scurry county","TX",141,70.7,81.5,14.8,"non-metro"
"jefferson county","MS",81.5,360,0.3,11.2,"non-metro"
"lee county","IA",68.44,37.7,110.2,6.8,"non-metro"
"santa fe county","NM",9.17,338.8,72.9,15.7,"metro"
"cass county","MO",31.23,97.6,95.1,8.4,"metro"
"montgomery county","IL",39.88,156.8,106.1,5.9,"non-metro"
"berkshire county","MA",104.09,153.7,51.8,3,"metro"
"webster county","MO",107.8,88.1,87.9,16.8,"metro"
"pontotoc county","MS",185,102.1,85,18.4,"non-metro"
"granville county","NC",21.5,-1,62.3,11.7,"non-metro"
"darlington county","SC",73.17,466.1,140.4,14.7,"metro"
"lawrence county","AR",163.15,49.8,35.8,12.7,"non-metro"
"greer county","OK",214.33,217.2,35.9,16.4,"non-metro"
"hart county","KY",29.86,-1,57.3,14.4,"non-metro"
"rogers county","OK",89.57,85.8,92.1,12.1,"metro"
"decatur county","IN",39.5,63.6,58.2,11.2,"non-metro"
"mecklenburg county","NC",21.56,635.6,47.4,13.9,"metro"
"gillespie county","TX",313,61.9,71.1,18.2,"non-metro"
"buena vista county","IA",109.38,121.6,37.4,12,"non-metro"
"lenawee county","MI",21,58.4,81.7,8.5,"non-metro"
"clinton county","IN",22.43,65,61.2,12.2,"non-metro"
"lebanon county","PA",60.18,39.7,48.1,10.8,"metro"
"york county","PA",42.1,70.8,51.6,7.2,"metro"
"calhoun county","GA",155.75,518.5,1.3,19.7,"non-metro"
"webb county","TX",436,215.3,24.9,30.2,"metro"
"vernon parish","LA",126.89,146.5,70.3,11.6,"non-metro"
"lawrence county","TN",77.38,96.5,130,16.2,"non-metro"
"garfield county","NE",300,-1,75.8,8.8,"non-metro"
"hardy county","WV",71.71,76.8,71.3,10.8,"non-metro"
"starr county","TX",510,74.4,33.7,35.1,"non-metro"
"lincoln county","SD",146.5,30.3,35.3,4.8,"metro"
"switzerland county","IN",28,125.9,39.7,14.2,"non-metro"
"meade county","SD",267.67,97.5,12.9,10.7,"metro"
"thomas county","GA",197.88,370,102.8,16.9,"non-metro"
"erie county","NY",12.64,289.6,59.1,4.8,"metro"
"hale county","AL",199.6,436,98.7,11.1,"metro"
"dekalb county","GA",9.36,1203.3,40.6,17.1,"metro"
"bulloch county","GA",173.83,355.6,77.7,14.7,"non-metro"
"wayne county","GA",205.5,328.9,136.1,20.1,"non-metro"
"bay county","MI",47.3,92.7,86.6,7.4,"metro"
"logan county","OH",40.5,55.7,72.1,10.6,"non-metro"
"henry county","VA",41.62,103.4,63.4,12.5,"non-metro"
"champaign county","IL",11.41,196.6,58.8,6.7,"metro"
"hendry county","FL",84.33,377.2,65.8,29.8,"non-metro"
"polk county","IA",109.03,190.9,70.1,6.3,"metro"
"dickson county","TN",35.14,134,119.5,11.7,"metro"
"scott county","KS",210,-1,90.4,4.1,"non-metro"
"columbia county","WA",28,257.6,100.4,7.7,"metro"
"allegany county","MD",58.6,210.2,109.9,6.8,"metro"
"woodruff county","AR",169.5,141.8,2.7,16.3,"non-metro"
"baltimore city","MD",3.76,2150.7,48.5,9,"metro"
"yuma county","AZ",120.8,154.2,48.5,18,"metro"
"sonoma county","CA",13.11,331,46,10.1,"metro"
"liberty county","GA",213.29,380.5,52.9,13.8,"metro"
"new castle county","DE",7.69,430.6,65,6.9,"metro"
"ashe county","NC",44.45,-1,92,16.1,"non-metro"
"page county","IA",116.33,75.6,100.7,8.3,"non-metro"
"mccormick county","SC",73.83,321.5,2.3,9.1,"non-metro"
"addison county","VT",165.88,95.7,41.7,5.2,"non-metro"
"litchfield county","CT",67.59,144.1,52,6,"non-metro"
"lewis county","TN",64,79.3,134.5,14.7,"non-metro"
"harris county","GA",75.25,129,4.7,11.3,"metro"
"assumption parish","LA",43,140.6,29.2,13.8,"non-metro"
"putnam county","OH",46,36,33.6,4,"non-metro"
"pope county","AR",71.62,99.5,105.8,11.7,"non-metro"
"greene county","AR",162.6,103.2,166.8,11.8,"non-metro"
"carbon county","MT",254.5,54.1,24.4,11.4,"metro"
"morgan county","CO",66.25,101.4,60.4,9.4,"non-metro"
"utah county","UT",35.82,40.3,52.9,10.3,"metro"
"bennington county","VT",149.12,154.4,62.5,4.8,"non-metro"
"mobile county","AL",124.76,510.8,118.4,13.2,"metro"
"baldwin county","AL",146.5,166.5,106.7,11.8,"metro"
"harvey county","KS",167.43,-1,80.9,8.8,"metro"
"val verde county","TX",247.75,113.9,35.9,22.8,"non-metro"
"wayne county","TN",91.17,109.1,131.1,12.1,"non-metro"
"auglaize county","OH",50.5,55.3,43.6,5.5,"non-metro"
"huntingdon county","PA",95.48,48.1,49.9,7.6,"non-metro"
"union county","OR",55.14,68.7,101,10.9,"non-metro"
"ellis county","TX",296.38,197.8,67.3,16.6,"metro"
"otero county","NM",30.71,104,50.7,14,"non-metro"
"sevier county","TN",44.5,103.4,99.5,18.3,"non-metro"
"lawrence county","IN",18.56,98.5,113.6,12.1,"non-metro"
"morehouse parish","LA",160.2,304,111.9,15.9,"non-metro"
"washington county","TN",7,211.6,94.5,11.1,"metro"
"pitkin county","CO",88.5,156.3,22.2,13.7,"non-metro"
"christian county","KY",57.78,173,56.2,12,"metro"
"jasper county","MO",84.44,169.2,125.8,14.2,"metro"
"curry county","OR",43.17,69.4,133.8,10,"non-metro"
"hamblen county","TN",48.8,107.1,143.6,14.6,"metro"
"mcpherson county","KS",172.75,-1,75.9,6,"non-metro"
"jefferson davis parish","LA",95.57,238.5,88.4,11.9,"non-metro"
"oconto county","WI",35.18,24.9,29.6,5.9,"metro"
"presidio county","TX",170.67,86.9,3.3,35.9,"non-metro"
"camden county","MO",120.6,91.6,93,16.4,"non-metro"
"clermont county","OH",18.59,79.1,73,7.3,"metro"
"mille lacs county","MN",49.12,66.1,62.4,7.1,"metro"
"scott county","MN",23.62,87.2,33.3,5.1,"metro"
"fayette county","PA",23.23,27.1,107,7.6,"metro"
"poinsett county","AR",194.38,110.5,112.5,13.9,"metro"
"lake county","TN",150,341.8,58.1,13,"non-metro"
"windham county","VT",155.78,175.2,60.1,6.2,"non-metro"
"albemarle county","VA",100.46,156,49.1,8,"metro"
"poquoson city","VA",114,58.6,66,3.9,"metro"
"edgar county","IL",37.75,60.2,76.4,7.4,"non-metro"
"decatur county","TN",85.25,100.6,136.5,11.2,"non-metro"
"tuolumne county","CA",50.93,92.8,101.6,8.7,"non-metro"
"gwinnett county","GA",23.94,351.5,43.5,18.3,"metro"
"wyandotte county","KS",7.25,292.3,60.9,21,"metro"
"washington county","NC",42.33,-1,88.5,15.3,"non-metro"
"fayette county","GA",25,191.3,79.2,7.7,"metro"
"franklin county","NY",145.4,562,63.8,8.7,"non-metro"
"rains county","TX",235.5,112.8,62.5,18.9,"non-metro"
"knox county","OH",40.88,49,45.5,10.9,"non-metro"
"caldwell parish","LA",116.33,226.2,46.7,21.2,"non-metro"
"daviess county","KY",56.71,119.4,91.4,7.8,"metro"
"cowley county","KS",169.75,-1,91.7,11.4,"non-metro"
"clearfield county","PA",88,25.8,61.3,8.5,"non-metro"
"susquehanna county","PA",28.87,27.9,48,10.2,"non-metro"
"buchanan county","IA",63.09,52.7,32.2,7.9,"non-metro"
"burleigh county","ND",178.09,71.7,58.4,6.9,"metro"
"denver county","CO",2.66,962.7,35.1,13,"metro"
"scott county","KY",12.67,-1,70.9,8.3,"metro"
"dorchester county","MD",58.06,516,67.9,6.5,"non-metro"
"jackson county","MS",93.29,223.4,86.4,16,"metro"
"carter county","TN",12,97.9,98.8,13.8,"metro"
"somerset county","PA",51.47,25.9,60.9,8.2,"non-metro"
"campbell county","VA",55.86,117.9,32.9,9.7,"metro"
"richardson county","NE",95,-1,45.9,6.9,"non-metro"
"berkeley county","SC",138.67,266.1,54,13.3,"metro"
"delta county","CO",40.71,53.8,77,16,"non-metro"
"montgomery county","MS",223.67,362.1,86,9.4,"non-metro"
"miami county","OH",21.55,69.8,60.2,7.9,"metro"
"grayson county","TX",219.82,167.4,95,17.5,"metro"
"norfolk city","VA",106.43,687.7,53.9,14.6,"metro"
"franklin county","MO",42.95,78.2,88.1,9.5,"metro"
"jefferson county","WI",29.5,37.5,54.6,6.2,"non-metro"
"middlesex county","NJ",24.77,280.8,36.5,10.3,"metro"
"ashland county","WI",69,60.7,73.5,8.4,"non-metro"
"concordia parish","LA",71.33,302.3,91.5,26.4,"non-metro"
"sumter county","AL",214,323.2,36.4,18.2,"non-metro"
"jefferson county","MO",24.56,92.5,72.8,9.6,"metro"
"miller county","AR",186.5,295.3,102.5,15.6,"metro"
"carroll county","KY",25.67,-1,137.9,11.9,"non-metro"
"cortland county","NY",21.4,159.3,58.2,5.9,"non-metro"
"miami county","IN",48.88,140.2,58.7,10,"non-metro"
"taylor county","TX",209.07,208.8,99.6,15.7,"metro"
"monroe county","NY",6.74,364.6,42.7,5.2,"metro"
"boone county","MO",113,139,40.9,8,"metro"
"lyon county","NV",77.17,109.6,83.3,15,"non-metro"
"antelope county","NE",245.29,-1,43.5,8.6,"non-metro"
"larimer county","CO",17.11,88,52.7,8.5,"metro"
"yancey county","NC",19.5,-1,84.3,13.8,"non-metro"
"louisa county","VA",80,109.9,41.9,14.5,"non-metro"
"cumberland county","IL",58.33,54.7,0.6,6.2,"non-metro"
"outagamie county","WI",8.8,69.8,50.3,5.6,"metro"
"coryell county","TX",341.1,422.4,60,10.2,"metro"
"acadia parish","LA",74,220.1,72.1,15.6,"metro"
"douglas county","MO",108,159.3,79.3,17,"non-metro"
"washington county","OR",14.71,169.8,44.3,9.5,"metro"
"florence county","SC",81.09,652.9,121.9,11.9,"metro"
"fairbanks north star borough","AK",150.25,-1,42.9,11.6,"metro"
"tyler county","TX",186.12,226.8,48.4,16.1,"non-metro"
"hill county","TX",325.8,112.7,60.3,19.7,"non-metro"
"edgefield county","SC",84.2,534.3,54.9,11,"metro"
"douglas county","MN",88.3,44.6,79.9,4.7,"non-metro"
"mississippi county","AR",186.64,204,138.4,13.8,"non-metro"
"clark county","KY",0,-1,90.5,9,"metro"
"plymouth county","IA",149.38,57.8,42,5.6,"metro"
"person county","NC",7.5,-1,92.1,11.9,"metro"
"highland county","OH",37.43,53.2,90.1,11.3,"non-metro"
"kershaw county","SC",80.71,314.9,75.8,12.3,"metro"
"orange county","VT",202.29,103.4,34.4,6.1,"non-metro"
"putnam county","TN",53.86,153.3,125.5,12.4,"non-metro"
"blaine county","OK",244.62,168.6,1.2,11.8,"non-metro"
"faulkner county","AR",112.82,143.9,89.9,11.7,"metro"
"lawrence county","IL",71.5,63.8,76.6,8.7,"non-metro"
"ottawa county","OH",23.21,31.2,61.3,7,"non-metro"
"clay county","MO",16.56,181.5,78,9.1,"metro"
"lehigh county","PA",46.94,117.9,39.3,8.9,"metro"
"shoshone county","ID",68.33,47,95.5,15.3,"non-metro"
"clay county","MS",209.5,270.8,103.6,15.3,"non-metro"
"harlan county","KY",35.81,-1,120.8,12.1,"non-metro"
"brazos county","TX",304.86,204.8,47.9,14.1,"metro"
"jackson county","OR",16.07,136.4,92.9,11.5,"metro"
"suffolk county","NY",39.21,241.2,45.4,7.6,"metro"
"coahoma county","MS",229.89,904.3,115.1,16.1,"non-metro"
"rock county","MN",116,77.7,54.1,7.4,"non-metro"
"mitchell county","KS",197.67,-1,86.3,6.6,"non-metro"
"pettis county","MO",75.14,57.7,69.4,14.5,"non-metro"
"newton county","TX",151,65.8,25.5,17.8,"metro"
"king william county","VA",80,87.3,29.8,8.2,"metro"
"jack county","TX",295.5,161.8,1.3,18.9,"non-metro"
"wayne county","WV",14.85,40.3,61.6,10.9,"metro"
"benton county","IN",24.5,84.3,20.1,13.2,"metro"
"pulaski county","GA",113,284.9,90.5,16.4,"metro"
"todd county","KY",41.6,-1,5,19.1,"non-metro"
"anchorage municipality","AK",116.76,-1,59.4,14.5,"metro"
"benton county","MS",167.5,242.3,59.8,18.4,"metro"
"ulster county","NY",70.09,382.6,59,8.4,"metro"
"walker county","GA",91.33,162.6,46.8,15.3,"metro"
"suffolk county","MA",172.97,829.6,26.8,4.4,"metro"
"caldwell county","NC",13.2,-1,119.1,14.5,"metro"
"ben hill county","GA",155,149.9,176.9,19.5,"non-metro"
"sussex county","DE",76.64,331.8,80.1,8.6,"metro"
"pierce county","WI",32.82,34,31.5,6.2,"metro"
"jackson county","AL",102.12,74.3,138.6,11.9,"non-metro"
"trempealeau county","WI",25.55,32.9,14.1,8.2,"non-metro"
"bertie county","NC",41.86,-1,25,13.6,"non-metro"
"grayson county","VA",58.83,85.8,19.8,11.4,"non-metro"
"essex county","MA",190.65,279.3,39.4,3.5,"metro"
"greene county","MO",94.8,222.7,97.7,13,"metro"
"spotsylvania county","VA",56.2,133.2,54.5,10.2,"metro"
"palm beach county","FL",53.69,628.1,53.4,16,"metro"
"pulaski county","VA",65.33,70.1,111,9.6,"metro"
"kitsap county","WA",7.35,133.1,56.8,7.7,"metro"
"wright county","MN",25.36,41.7,46.6,4.2,"metro"
"harlan county","NE",266.2,-1,82.4,10.9,"non-metro"
"phelps county","MO",104.86,34.2,80.8,10.3,"non-metro"
"dekalb county","AL",96.53,88.3,103.2,16,"non-metro"
"cottonwood county","MN",59.67,95.6,77.8,5.3,"non-metro"
"marshall county","KY",99.25,-1,101.5,7.2,"non-metro"
"polk county","TN",61.89,89.7,111.9,10.8,"metro"
"greene county","IL",44.8,53.6,2.3,8.4,"non-metro"
"jackson county","WI",36.25,63.8,22.9,10.1,"non-metro"
"ketchikan gateway borough","AK",227,-1,77.4,15.5,"non-metro"
"simpson county","KY",23,-1,90.1,11.5,"non-metro"
"reno county","KS",202.77,60.5,97.5,10.8,"non-metro"
"cherokee county","NC",30.67,-1,117.5,18.4,"non-metro"
"twin falls county","ID",173.12,22.6,91.9,15,"non-metro"
"noble county","OK",177.83,116.1,6.6,10.2,"non-metro"
"meeker county","MN",55.17,52.4,26,6.2,"non-metro"
"york county","ME",238.06,129.7,52.9,8.7,"metro"
"scotland county","NC",31.4,-1,168.3,13.5,"non-metro"
"stone county","AR",107.57,64.9,154.1,11.7,"non-metro"
"pawnee county","KS",262,-1,45.9,7.9,"non-metro"
"scott county","VA",30,51.9,136.1,11.5,"metro"
"giles county","VA",54.22,89.9,98.1,13.6,"metro"
"marshall county","AL",115.78,115.4,163.9,15.4,"non-metro"
"glynn county","GA",244.57,424.2,93.7,16.3,"metro"
"charles county","MD",25.71,342.5,71.3,4.4,"metro"
"butler county","PA",32.19,14.4,57,5.1,"metro"
"hardin county","TX",192,118.6,90.4,17.6,"metro"
"macon county","AL",123.67,496.6,44.6,10.8,"non-metro"
"elk county","KS",146.2,-1,3,11.6,"non-metro"
"knox county","TN",51.62,227.1,84.7,9.9,"metro"
"tarrant county","TX",286.62,320.7,61,18.2,"metro"
"worcester county","MD",97.5,194.7,63,7.8,"metro"
"pearl river county","MS",55.33,219.4,113.5,15.9,"non-metro"
"davie county","NC",21,-1,88.3,13,"metro"
"pend oreille county","WA",63.5,87.9,102.4,10.8,"metro"
"dewitt county","TX",388.5,46.5,44,14.8,"non-metro"
"upshur county","TX",229.4,114.9,18.2,17,"metro"
"owsley county","KY",21,-1,229.3,9.8,"non-metro"
"benton county","WA",24.5,65.4,89.8,10.4,"metro"
"greenup county","KY",8.29,-1,60,9.6,"metro"
"hardin county","KY",36.25,162.6,80.9,8.4,"metro"
"district of columbia","DC",1.38,479.8,28.5,5.2,"metro"
"los angeles county","CA",7.99,565.2,29.8,15.9,"metro"
"wichita county","TX",270.36,122.3,98.7,16.4,"metro"
"morgan county","GA",52.25,202.6,77.4,13.4,"metro"
"perry county","TN",70.5,120.4,100.9,16.9,"non-metro"
"washington county","UT",121.55,69.4,79.7,15.4,"metro"
"macon county","TN",44,41.4,113.7,11.5,"metro"
"decatur county","IA",122.38,73.8,54.2,12.8,"non-metro"
"tama county","IA",60.85,77.2,27.2,7.6,"non-metro"
"shelby county","OH",38.55,79.9,60,5.7,"non-metro"
"carroll county","IA",151.82,89.4,87.8,3.3,"non-metro"
"lake county","MI",71,95.1,29,11.4,"non-metro"
"st. louis city","MO",3.32,1117.1,47.9,14.7,"metro"
"jim wells county","TX",456,82.7,77.5,21,"non-metro"
"iberville parish","LA",20.5,1019.7,73.3,12.2,"metro"
"hoke county","NC",14,-1,56.3,14.7,"metro"
"dundy county","NE",175.25,-1,107.1,12,"non-metro"
"harford county","MD",25.75,222.2,64.6,4.6,"metro"
"contra costa county","CA",8.4,256.2,36.2,8.5,"metro"
"williamson county","TN",23.27,77.2,50.8,5.2,"metro"
"kinney county","TX",291,252.6,22.4,22.8,"non-metro"
"autauga county","AL",153.67,219.1,106.6,8.9,"metro"
"gregg county","TX",242.11,460.4,126.5,20,"metro"
"nicollet county","MN",17.8,49.5,19,3.5,"metro"
"summit county","UT",28.62,62.9,51.5,10.5,"non-metro"
"sabine county","TX",168.5,110.8,44.4,22.1,"non-metro"
"hamilton county","IN",15.62,81.1,46.9,6,"metro"
"pierce county","GA",206.75,126.1,62.5,18.8,"non-metro"
"cleburne county","AR",119.6,101,112.2,13.8,"non-metro"
"lincoln county","OK",156.4,93.4,17.7,15,"metro"
"galax city","VA",54,108,345.1,12.3,"non-metro"
"la plata county","CO",37.6,94.6,51.8,12.9,"non-metro"
"llano county","TX",318,141.7,56.9,17.8,"non-metro"
"somervell county","TX",328.67,82,5.1,19.5,"metro"
"yazoo county","MS",159,466.1,59.3,16.8,"metro"
"solano county","CA",16.4,328.1,37.7,9.2,"metro"
"fayette county","IA",72.07,52.9,60.4,7.6,"non-metro"
"lampasas county","TX",326.33,69.2,55.7,16.2,"metro"
"kay county","OK",180.5,89.8,77.8,15.9,"non-metro"
"gasconade county","MO",72.17,39.7,71.2,8.2,"non-metro"
"luce county","MI",177.5,89.2,111.5,9.8,"non-metro"
"payne county","OK",159.5,94.6,87.9,12.7,"non-metro"
"boone county","IA",128.75,71.4,56.6,6.2,"non-metro"
"nassau county","FL",266.6,170.3,103.2,13.3,"metro"
"kennebec county","ME",315.54,127.1,83.9,8.5,"non-metro"
"kenosha county","WI",11.45,147.4,53.4,8.7,"metro"
"madison county","NY",29.2,77.6,53,5.3,"metro"
"providence county","RI",136.08,323.4,48.4,9.6,"metro"
"humboldt county","NV",181.5,51.9,68.2,16.6,"non-metro"
"holmes county","MS",188.67,473.1,61,19.2,"non-metro"
"lorain county","OH",29.13,159.8,59.6,6.9,"metro"
"beadle county","SD",182.12,34.8,58.5,8.7,"non-metro"
"monroe county","GA",59.33,186.8,65.6,12.8,"metro"
"blount county","AL",127.12,99.8,48.9,11.2,"metro"
"seminole county","GA",193.5,292,150.1,18.5,"non-metro"
"hyde county","NC",53.4,-1,58.3,18.1,"non-metro"
"uinta county","WY",82.5,30.8,100.2,15.7,"non-metro"
"silver bow county","MT",90.17,71.6,87.4,13,"non-metro"
"bremer county","IA",86.71,38.3,43.2,3.4,"metro"
"salem county","NJ",14.1,272.6,60.6,8.9,"metro"
"wilkinson county","GA",95.4,225,82.3,10.7,"non-metro"
"nelson county","KY",29.78,-1,85.2,8.3,"non-metro"
"prince william county","VA",27.44,227.6,32.2,12.5,"metro"
"mesa county","CO",16.72,107.9,72.1,12.7,"metro"
"juniata county","PA",93.3,29.1,50.3,13.5,"non-metro"
"accomack county","VA",103,337,50.8,18,"non-metro"
"wayne county","OH",47.27,76,47.8,13,"non-metro"
"st. tammany parish","LA",34.8,208.2,92,11.6,"metro"
"wyoming county","WV",35.59,32.3,113.6,11.2,"non-metro"
"randolph county","GA",141,505.4,123.5,19.9,"non-metro"
"finney county","KS",210,-1,67.2,13.7,"non-metro"
"fulton county","KY",130.5,-1,157.7,11.1,"non-metro"
"richmond county","NY",10.77,514.6,39.3,6.6,"metro"
"orleans parish","LA",3.16,1432.3,59.8,14.2,"metro"
"effingham county","GA",191,134.7,72.3,11.7,"metro"
"martin county","IN",32.67,82,88.2,11.1,"non-metro"
"jones county","NC",23.5,-1,36.6,16.2,"metro"
"barber county","KS",253.12,-1,3,10.6,"non-metro"
"jefferson county","AR",166.8,477.1,103.8,10.5,"metro"
"decatur county","GA",200.2,666.4,111.8,19.3,"non-metro"
"woods county","OK",265,90.4,24.9,12,"non-metro"
"troup county","GA",62,205.7,94.2,13.9,"non-metro"
"alexander county","NC",14.67,-1,20,11.5,"metro"
"kodiak island borough","AK",150,-1,28.9,22.7,"non-metro"
"dallam county","TX",106.33,143.9,62.4,24.9,"non-metro"
"jasper county","IA",81.18,90.8,60.2,6.2,"non-metro"
"okmulgee county","OK",108.25,114.2,89.6,17.2,"metro"
"conecuh county","AL",199.2,310.4,84.9,19.1,"non-metro"
"leon county","TX",289.62,180.5,40,18.2,"non-metro"
"lincoln county","ME",302.92,76.6,37.8,11.4,"non-metro"
"gonzales county","TX",386.5,101.5,48.3,22.6,"non-metro"
"washington county","IA",22.75,71.8,41,8.6,"metro"
"burke county","NC",14.5,-1,125.3,13.8,"metro"
"livingston parish","LA",29.44,192.3,93.8,13.5,"metro"
"pike county","PA",63.64,132.1,40.2,8.4,"metro"
"logan county","AR",57.78,65.2,37.9,10.1,"non-metro"
"snohomish county","WA",12.79,154.8,60.9,9.3,"metro"
"nye county","NV",113.2,159.3,119.2,14.1,"non-metro"
"henry county","IA",44,65.7,65.3,5.5,"non-metro"
"kiowa county","KS",271.67,-1,75.5,8.9,"non-metro"
"butte county","CA",27.83,124.8,106.7,10.7,"metro"
"mcminn county","TN",68.83,95.9,133.1,11.6,"non-metro"
"monroe county","WV",46.11,250.6,33.4,10.7,"non-metro"
"osceola county","MI",72,71.8,63.2,12.4,"non-metro"
"wilcox county","AL",204.33,275,52.6,15.2,"non-metro"
"fairfield county","CT",31.26,325.2,37.2,10.1,"metro"
"union county","NC",35.88,-1,60.5,11.1,"metro"
"muskingum county","OH",46.5,90.3,85,8.8,"non-metro"
"dodge county","NE",205.5,-1,89,11.7,"non-metro"
"greene county","TN",28.86,82.7,107.9,12.1,"non-metro"
"nez perce county","ID",78.5,44.2,110.3,12.3,"metro"
"pleasants county","WV",15,214.7,100.7,6.9,"non-metro"
"benton county","TN",73.75,101.3,119,13.4,"non-metro"
"moore county","TX",124.75,107.6,51.2,19.5,"non-metro"
"kootenai county","ID",35.67,62.5,85,13.3,"metro"
"steuben county","IN",38.83,51,74,11.4,"non-metro"
"baker county","FL",270.75,467.6,105.4,12.5,"metro"
"fulton county","IN",51.2,59.8,83.6,12.2,"non-metro"
"valencia county","NM",13.2,122.3,70.7,12.2,"metro"
"lee county","TX",339.4,139,46.3,14.6,"non-metro"
"white county","GA",38.33,92.9,92,14,"non-metro"
"otter tail county","MN",58.95,28.7,48.5,6,"non-metro"
"jackson county","MO",10.12,478.5,68.6,13.3,"metro"
"jeff davis county","GA",168.5,49.6,84,18.2,"non-metro"
"deuel county","NE",148,-1,0.7,14.7,"non-metro"
"gadsden county","FL",218.86,690.8,53.2,15.8,"metro"
"guadalupe county","TX",386.71,109,45.3,14.5,"metro"
"marion county","AR",81,105.1,78.1,11.1,"non-metro"
"waldo county","ME",343.94,108.2,38.6,11.9,"non-metro"
"marshall county","IL",74.38,59,48.3,5.3,"metro"
"warren county","IA",108.82,39.3,38.4,4,"metro"
"sierra county","CA",22.62,265.3,12.4,8.1,"non-metro"
"houston county","AL",184.82,366.5,136.2,12.1,"metro"
"st. lawrence county","NY",116.29,278.6,65.7,8.6,"non-metro"
"rowan county","NC",14.23,-1,72.8,14.1,"metro"
"lee county","FL",113.33,333.5,60.8,16.9,"metro"
"lamb county","TX",54,189,2.6,21,"non-metro"
"cowlitz county","WA",14.2,139.1,76.6,9.1,"metro"
"miller county","MO",120.56,43.3,55.4,12.4,"non-metro"
"brooks county","TX",487,192.9,58.3,23.5,"non-metro"
"jefferson county","TX",176.59,599.3,79.9,21.5,"metro"
"lake county","OH",20.25,83.8,61.4,6.7,"metro"
"fillmore county","MN",47.17,40.7,29.2,9.3,"metro"
"colfax county","NE",221,-1,0.2,11.7,"non-metro"
"avery county","NC",30.29,-1,62,18.1,"non-metro"
"randall county","TX",85.38,117,69.5,12.6,"metro"
"st. francis county","AR",197.5,319.7,89.2,14.7,"non-metro"
"comal county","TX",366.71,145.6,69.2,13.9,"metro"
"kemper county","MS",212.75,139.3,34.1,13.8,"non-metro"
"henry county","AL",162.2,212,26.7,11.5,"metro"
"caroline county","MD",51.33,278.1,40.8,10.1,"non-metro"
"harper county","KS",226.71,-1,70.7,12.3,"non-metro"
"putnam county","NY",35.25,152.8,38.9,6.5,"metro"
"johnson county","TN",32.6,121.4,88,12.7,"non-metro"
"kittitas county","WA",11,73.8,47.9,11.4,"non-metro"
"burnet county","TX",342,139,87.5,15.8,"non-metro"
"gaines county","TX",49.67,53,46.6,32.6,"non-metro"
"dawson county","TX",77,95,59,20.8,"non-metro"
"cochise county","AZ",72.05,186.8,69,10.1,"metro"
"beckham county","OK",213.75,158.8,94.9,15,"non-metro"
"el paso county","TX",33.47,307.9,34.7,23.8,"metro"
"dunn county","WI",27.2,39.4,33.9,7.8,"non-metro"
"durham county","NC",12.78,-1,41.6,13.9,"metro"
"adams county","CO",12.24,240.4,47.2,15.6,"metro"
"gladwin county","MI",71.33,41.1,89,12.5,"non-metro"
"bamberg county","SC",138.75,831.1,92.9,16.5,"non-metro"
"bingham county","ID",173.22,59.9,61.6,13.2,"non-metro"
"bedford county","VA",72,81.9,37,8.4,"metro"
"winnebago county","IL",46,160,86,8.4,"metro"
"polk county","MN",65.53,65.2,55.8,6.2,"metro"
"lincoln county","MS",79.67,168.7,100.3,13.1,"non-metro"
"leflore county","MS",212,507.5,103.9,16.4,"non-metro"
"ohio county","KY",35.08,-1,99.5,8.8,"non-metro"
"fayette county","AL",177.17,99.5,114.3,8.4,"non-metro"
"edwards county","KS",267.25,-1,64.2,12.6,"non-metro"
"fauquier county","VA",44.94,121.5,61.7,8.6,"metro"
"butler county","KS",151.88,147.8,88.9,9.2,"metro"
"jasper county","SC",184.8,362.6,60.3,20.4,"metro"
"philadelphia county","PA",4.23,1339.1,55,12,"metro"
"berkeley county","WV",64.11,153.2,82.6,8.8,"metro"
"morgan county","IL",29.56,71.2,114.3,6.9,"non-metro"
"houghton county","MI",155.29,41.8,39.2,8.9,"non-metro"
"crook county","OR",38.5,67.6,83,10.5,"non-metro"
"cobb county","GA",15.53,459.6,54.4,15.4,"metro"
"maverick county","TX",330,172.2,28.4,31.1,"non-metro"
"multnomah county","OR",4.73,460.5,43.2,10.4,"metro"
"clay county","KY",21.33,-1,187.4,10.2,"non-metro"
"kewaunee county","WI",21,46.2,15.4,4.4,"metro"
"highlands county","FL",127.62,248.8,74.3,15.2,"metro"
"dakota county","MN",12.89,119.3,43,5.2,"metro"
"carter county","KY",6,-1,65.5,12.6,"non-metro"
"dutchess county","NY",58.88,366.5,49.7,6.6,"metro"
"elmore county","AL",133.44,222,109.4,8.8,"metro"
"morrill county","NE",127.25,-1,56.9,13,"non-metro"
"burt county","NE",196.8,-1,20,8.8,"non-metro"
"hale county","TX",83.17,76.8,58.7,20.3,"non-metro"
"allen county","KS",90.5,-1,96.8,10.3,"non-metro"
"russell county","KS",224.43,-1,2.5,8.8,"non-metro"
"chippewa county","MN",102.4,80.3,62.8,8.1,"non-metro"
"bosque county","TX",339,104.7,36.2,20.7,"non-metro"
"brantley county","GA",226.25,157.2,49.3,24.4,"metro"
"sheridan county","NE",188.14,-1,17.2,14.9,"non-metro"
"westchester county","NY",14.96,441.3,30.9,8.9,"metro"
"wilcox county","GA",131.4,679.5,2.8,14.9,"non-metro"
"columbus county","NC",55.79,-1,139.8,15.8,"non-metro"
"douglas county","GA",20.75,341.9,84.7,15.6,"metro"
"woodson county","KS",99.75,-1,0.8,15.3,"non-metro"
"nolan county","TX",180.4,157,83.4,17.8,"non-metro"
"mills county","IA",148.25,103.6,49.2,5.7,"metro"
"union county","PA",99.23,145.6,52.8,11.2,"non-metro"
"west baton rouge parish","LA",10,507.2,87.7,10.6,"metro"
"henderson county","KY",77,-1,127,8.2,"metro"
"montgomery county","OH",14.61,303.6,77.3,9.1,"metro"
"campbell county","WY",237.33,56.9,66.5,11,"non-metro"
"madison county","OH",21.29,210.8,63.2,8.4,"metro"
"lancaster county","NE",162.19,-1,56.3,9.3,"metro"
"sanilac county","MI",54.25,56.9,39.8,11.8,"non-metro"
"brown county","IN",12.5,91.4,32.9,11.7,"metro"
"jewell county","KS",197.57,-1,0.4,7.8,"non-metro"
"perry county","MS",111.33,188.7,65.4,18.1,"metro"
"lauderdale county","TN",159.5,265.3,91.5,13.5,"non-metro"
"blaine county","ID",216.43,43.9,44.4,16.5,"non-metro"
"morton county","KS",147,-1,115.6,10.9,"non-metro"
"falls county","TX",343,266.4,58.1,18.9,"metro"
"russell county","VA",43.17,46.4,105.7,12.8,"non-metro"
"patrick county","VA",39.14,64.1,58.5,14.5,"non-metro"
"st. louis county","MN",39.84,75.4,54.4,5.4,"metro"
"madison county","IN",24.71,157.5,98.9,11.7,"metro"
"gratiot county","MI",47.77,96.7,70.2,8.2,"non-metro"
"brooks county","GA",204.25,408.8,84.4,19.2,"metro"
"duval county","TX",460.6,236.6,9.5,27.7,"non-metro"
"caledonia county","VT",224.29,84.4,54.9,5.3,"non-metro"
"gallatin county","MT",158.44,54.3,38.5,10.2,"non-metro"
"northumberland county","PA",88.67,44,82.4,8.4,"non-metro"
"alameda county","CA",3.94,408,26.4,8.4,"metro"
"livingston county","MO",73,70.1,93.9,13.6,"non-metro"
"hamilton county","TX",313.5,100.1,44.6,17.4,"non-metro"
"lincoln county","KS",190,-1,0.5,11.5,"non-metro"
"chisago county","MN",31,34.9,30.9,5.6,"metro"
